1,Sedinginan,100 Carey Parkway
2,Guan’e,85 Jenna Center
3,Khallat ad Dār,08 Maple Wood Hill
4,Ágios Athanásios,3519 Pearson Lane
5,Opařany,6 Acker Junction
6,Krasae Sin,1194 Arizona Circle
7,Abidjan,0 John Wall Parkway
8,Valinhos,9214 School Pass
9,Bromma,575 Loeprich Way
10,Kavār,128 4th Place
11,Zgornje Bitnje,2 Hallows Hill
12,Kinalaglagan,1 Blackbird Crossing
13,Brooklyn,66 Lindbergh Drive
14,Jämsänkoski,00 Esch Court
15,Verkhniy Rohachyk,03 Independence Circle
16,Aurelliana,19 Meadow Valley Terrace
17,El Cortezo,98 Magdeline Point
18,Doghs,588 Weeping Birch Drive
19,Pancan,84 Mallory Avenue
20,Weiqi,1212 Everett Circle
21,Dinājpur,38 Veith Trail
22,Bastia,111 Nobel Crossing
23,Grenoble,844 Sunfield Terrace
24,Larreynaga,4 Holmberg Circle
25,El Pino,6097 Farragut Alley
26,Longcheng,03180 Blackbird Park
27,Julayjilah,0 Warner Pass
28,Gambaru,50 Sherman Parkway
29,Shushi,355 Katie Trail
30,Colonia Catuete,2 Eagan Street
31,Niamey,9661 Mariners Cove Park
32,Thị Trấn Bắc Yên,88 Upham Parkway
33,Aksha,946 Russell Lane
34,Yongding,71 Arkansas Parkway
35,Huaibei,77249 Cordelia Lane
36,Phatthaya,01799 Thompson Circle
37,Novovolyns’k,7395 Basil Pass
38,Guiwu,6 Mayfield Hill
39,Kemil,1 Schlimgen Lane
40,Dos Quebradas,6236 Fallview Court
41,Chavárion,232 La Follette Park
42,Changtang,8978 Pine View Place
43,Cergy-Pontoise,35 Fordem Place
44,San Ignacio,91256 Stuart Terrace
45,Gostagayevskaya,61 Kennedy Place
46,Huangmei,9464 Nelson Avenue
47,Ngujuran,2 Donald Road
48,Sennoy,257 Eagan Trail
49,Pensacola,324 Sundown Drive
50,Karachi,5650 Orin Park
51,Kalkara,93563 Gina Trail
52,Gornyy,8364 Charing Cross Place
53,Jarigue,51891 Coolidge Junction
54,Katabu,56 Ridgeview Junction
55,Kabale,5828 Summerview Hill
56,San Pedro,6 Toban Place
57,Muye,294 Shopko Crossing
58,Al Kittah,248 Graedel Terrace
59,Drenova,697 Stoughton Terrace
60,Uvarovo,7225 Canary Plaza
61,Cimo de Vila,01018 Mesta Junction
62,Jardín América,611 Cottonwood Center
63,Dandian,59 Ruskin Crossing
64,Longlisuo,5 Gerald Crossing
65,Matsuyama,3 Londonderry Lane
66,Heshi,12 Express Road
67,Issy-les-Moulineaux,501 Sutteridge Street
68,Quípama,39 East Trail
69,Cabanbanan,790 Dexter Avenue
70,Karagach,33595 Sunbrook Lane
71,Lazaro Cardenas,678 5th Park
72,Gusau,75 Di Loreto Parkway
73,Vladimir,27 Forest Road
74,Huji,55 Golf View Avenue
75,Crateús,9283 Morrow Pass
76,Bayang,34722 Crownhardt Park
77,Hongtu,57594 Rockefeller Circle
78,Novopokrovskaya,88474 Johnson Court
79,El Zulia,38 Blue Bill Park Way
80,Estacion,2 Towne Junction
81,Luoshanchuan,96 Kingsford Center
82,Kimanuit,836 Trailsway Crossing
83,Pasadena,45211 Ilene Hill
84,Sumberingin Kulon,8236 Hermina Lane
85,Mortka,8 Graedel Hill
86,Meneou,41660 Stang Terrace
87,Baiju,67 Bluejay Crossing
88,Gobang,91 Farragut Point
89,Lilio,89202 Wayridge Center
90,Orguz,3 Crowley Hill
91,Haoxue,419 Swallow Alley
92,Zbytków,43176 Sachs Drive
93,Heichengzi,392 Sage Drive
94,Kiyawa,8 Manufacturers Point
95,Kamyanyuki,7240 Springview Place
96,Affery,5 Green Ridge Trail
97,Roldanillo,75612 Lakeland Point
98,Kýria,3983 Warbler Avenue
99,Tân Sơn,41 Grim Pass
100,Bacong,416 Vidon Street
101,Pasadena,My direccion de pasadena
102,Pasadena,My direccion de pasadena
103,Pasadena,My direccion de pasadena